"rownum","Id","i32","DisplayString","Name"
0,"default",422118271,"",""
1,"shield",-1731563496,"",""
2,"ring",1548697290,"",""
3,"amulet",-1511969425,"",""
4,"boots",-1687220715,"",""
5,"bow",679464059,"",""
6,"equipment",722580695,"",""
7,"armour",-1337443129,"","Armour"
8,"weapon",2083734973,"",""
9,"wand",480222972,"",""
10,"staff",471286042,"",""
11,"mace",806631069,"",""
12,"sword",-305572255,"",""
13,"dagger",439417649,"",""
14,"claw",1232106651,"",""
15,"axe",-1640938969,"",""
16,"body_armour",-1017232752,"",""
17,"life_flask",-302187947,"",""
18,"mana_flask",-985289358,"",""
19,"hybrid_flask",774333752,"",""
20,"flask",-967589388,"",""
21,"quiver",-2050119198,"",""
22,"gloves",1392394290,"",""
23,"onehand",1350994486,"",""
24,"twohand",-183571183,"",""
25,"helmet",-1197794553,"",""
26,"belt",-1774779830,"",""
27,"gem",-1503656832,"","Gem"
28,"relic",-1150730594,"",""
29,"not_str",1726095109,"",""
30,"not_dex",1518814017,"",""
31,"not_int",-90790275,"",""
32,"ranged",-1855492611,"",""
33,"not_for_sale",298763543,"",""
34,"caster",993687062,"","Caster"
35,"magic",-233873258,"",""
36,"rare",809785191,"",""
37,"sceptre",-487326946,"",""
38,"str_armour",5047160,"",""
39,"dex_armour",-286794275,"",""
40,"int_armour",1534929092,"",""
41,"str_dex_armour",593525683,"",""
42,"str_int_armour",126758274,"",""
43,"dex_int_armour",-1119777017,"",""
44,"str_dex_int_armour",249531404,"",""
45,"focus",-865950637,"",""
46,"utility_flask",-1313516165,"",""
47,"critical_utility_flask",1559119753,"",""
48,"humanoid",-1467387511,"",""
49,"mammal_beast",658107308,"",""
50,"reptile_beast",259341384,"",""
51,"skeleton",1934215573,"",""
52,"zombie",-1694124475,"",""
53,"ghost",1711657501,"",""
54,"earth_elemental",-617423810,"",""
55,"water_elemental",-1772503833,"",""
56,"demon",526180268,"",""
57,"map",117084118,"",""
58,"rapier",-1212351665,"",""
59,"necromancer_raisable",-2079483573,"",""
60,"lots_of_life",-1630114125,"",""
61,"indoors_area",1812553362,"",""
62,"beach",438557988,"",""
63,"dungeon",-1805174340,"",""
64,"cave",-791832627,"",""
65,"forest",-510995764,"",""
66,"swamp",1271616055,"",""
67,"mountain",801147916,"",""
68,"temple",-846480570,"",""
69,"urban",-1769634512,"",""
70,"high_level_map",-1344914802,"",""
71,"human",-489391221,"",""
72,"beast",-1234812302,"",""
73,"undead",-1224959533,"",""
74,"construct",-1536566801,"",""
75,"insect",1629886372,"",""
76,"spider",783329194,"",""
77,"undying",551696512,"",""
78,"goatman",-1110474790,"",""
79,"stone_construct",-1977669232,"",""
80,"fishing_rod",-1963178456,"",""
81,"one_hand_weapon",-1244043764,"",""
82,"two_hand_weapon",1851682530,"",""
83,"atziri1",50885000,"",""
84,"atziri2",-1043735472,"",""
85,"drops_no_mods",-2064457713,"",""
86,"drops_no_rares",-585143422,"",""
87,"drops_no_quality",1047760583,"",""
88,"drops_no_sockets",445386850,"",""
89,"drops_not_dupeable",1792672519,"",""
90,"shore",-1104300794,"",""
91,"darkshore",-1320092895,"",""
92,"inland",1049344822,"",""
93,"prison",-1022487850,"",""
94,"axis",1802885338,"",""
95,"cavern",655836606,"",""
96,"southernforest",59198762,"",""
97,"southernforest2",1016151459,"",""
98,"church",1062674584,"",""
99,"sins",9691936,"",""
100,"forestdark",-2049594548,"",""
101,"weavers",-632810702,"",""
102,"inca",728628710,"",""
103,"city1",-2048069506,"",""
104,"city2",-1660471988,"",""
105,"city3",384312642,"",""
106,"crematorium",1432887881,"",""
107,"catacombs",1752138954,"",""
108,"solaris",1916070207,"",""
109,"docks",1393021754,"",""
110,"sewers",308414390,"",""
111,"barracks",-1907567628,"",""
112,"lunaris",-502510337,"",""
113,"gardens",1433485813,"",""
114,"library",468742873,"",""
115,"scepter",-1527304680,"",""
116,"secret_area",-883617665,"",""
117,"limited_strongbox_benefits",-1920234946,"",""
118,"red_blood",-789025943,"",""
119,"ghost_blood",526951436,"",""
120,"mud_blood",-893085497,"",""
121,"insect_blood",1482412790,"",""
122,"bones",-2100200059,"",""
123,"water",-1714718325,"",""
124,"noblood",889131235,"",""
125,"unusable_corpse",-1169124542,"",""
126,"hidden_monster",-1428860942,"",""
127,"devourer",-1663378793,"",""
128,"wb_basic",1873912370,"",""
129,"wb_support",597622042,"",""
130,"wb_elite",-1055298856,"",""
131,"wb_leader",-493465122,"",""
132,"rare_minion",-310370269,"",""
133,"undeletable_corpse",-1040324226,"",""
134,"jewel",546488626,"",""
135,"strjewel",285430845,"",""
136,"dexjewel",2071899319,"",""
137,"intjewel",714660582,"",""
138,"gladiator",-2025383958,"",""
139,"karui",-2011704840,"",""
140,"flying",-696178521,"",""
141,"large_model",-1854454621,"",""
142,"specific_weapon",-249458454,"",""
143,"two_handed_mod",1740060125,"",""
144,"dual_wielding_mod",-1356844946,"",""
145,"shield_mod",1461672553,"",""
146,"one_handed_mod",-1739579770,"",""
147,"melee_mod",-1468662467,"",""
148,"twostonering",1568617313,"",""
149,"poison_zombie",1662026400,"",""
150,"divination_card",-525409613,"",""
151,"currency",-1548855849,"",""
152,"no_divine",1957293956,"",""
153,"unique_map",-673050882,"",""
154,"low_tier_map",1785721432,"",""
155,"mid_tier_map",-100555438,"",""
156,"top_tier_map",1228175240,"",""
157,"old_map",910114632,"",""
158,"act_boss_area",1739434203,"",""
159,"no_tempests",1713491982,"",""
160,"cannot_be_twinned",1485286773,"",""
161,"no_shroud_walker",-765486310,"",""
162,"no_echo",-1446213388,"",""
163,"immobile",1241743669,"",""
164,"limited_tempests",470320466,"",""
165,"small_staff",-393412754,"",""
166,"support_gem",-1995778299,"",""
167,"level_capped_gem",-1428022996,"",""
168,"no_effect_flask_mod",1117565919,"",""
169,"area_with_water",2008657150,"",""
170,"no_bloodlines",-60887087,"",""
171,"has_caster_mod",1366564317,"",""
172,"has_attack_mod",-338365173,"",""
173,"maraketh",1921258599,"",""
174,"uses_suicide_explode",2051881677,"",""
175,"cannot_be_monolith",859996387,"",""
176,"no_zana_quests",919197219,"",""
177,"atlas_base_type",-78767488,"",""
178,"ringatlas1",-1298090855,"",""
179,"ringatlas2",1931690275,"",""
180,"amuletatlas1",1730289393,"",""
181,"amuletatlas2",-1366710920,"",""
182,"beltatlas1",324027794,"",""
183,"beltatlas2",1598176761,"",""
184,"helmetatlas1",-91512053,"",""
185,"bootsatlas1",347287161,"",""
186,"bootsatlas2",-457406515,"",""
187,"bootsatlas3",165745133,"",""
188,"glovesatlasstr",-1022701509,"",""
189,"glovesatlasdex",-361335756,"",""
190,"glovesatlasint",1846595285,"",""
191,"shaped_map",1462490800,"",""
192,"no_boss",-1651264779,"",""
193,"no_monster_packs",202389593,"",""
194,"no_strongboxes",-1592742084,"",""
195,"hall_of_grandmasters",-572997122,"",""
196,"vaults_of_atziri",1685272438,"",""
197,"cowards_trial",-1192614989,"",""
198,"breach_map",-1161623188,"",""
199,"breach_commander",827889309,"",""
200,"breach_leaguestone",1019701551,"",""
201,"breachstone",363287614,"",""
202,"breachstone_splinter",-1038764992,"",""
203,"essence_leaguestone",1854853281,"",""
204,"prophecy_leaguestone",-728868466,"",""
205,"perandus_leaguestone",644031442,"",""
206,"talisman_leaguestone",-2030574241,"",""
207,"warbands_leaguestone",-491450506,"",""
208,"torment_leaguestone",-1473361611,"",""
209,"rampage_leaguestone",66162003,"",""
210,"domination_leaguestone",413404014,"",""
211,"tempest_leaguestone",-49112558,"",""
212,"bloodlines_leaguestone",185339446,"",""
213,"beyond_leaguestone",1860806544,"",""
214,"ambush_leaguestone",-784493159,"",""
215,"invasion_leaguestone",203535816,"",""
216,"nemesis_leaguestone",-81589280,"",""
217,"anarchy_leaguestone",2113851235,"",""
218,"onslaught_leaguestone",1047435191,"",""
219,"god",783163788,"",""
220,"unset_ring",2028097609,"",""
221,"no_leaguestone",-231003227,"",""
222,"chaos_warband",-2120680418,"",""
223,"templar",-1925890158,"",""
224,"cultist",-1719582271,"",""
225,"female",-432735741,"",""
226,"str_shield",764180665,"",""
227,"dex_shield",-87426311,"",""
228,"str_dex_shield",-755278286,"",""
229,"str_int_shield",1475330806,"",""
230,"dex_int_shield",-72346652,"",""
231,"currency_shard",973261421,"",""
232,"harbinger_orb_shard",224731394,"",""
233,"not_harbinger_minion",-717342281,"",""
234,"abyss_jewel_melee",1283177657,"",""
235,"abyss_jewel_ranged",1781456528,"",""
236,"abyss_jewel_caster",-725593291,"",""
237,"abyss_jewel_summoner",387008749,"",""
238,"abyss_jewel",-887598304,"",""
239,"abyssal",-208228007,"",""
240,"unarmed",1295226988,"",""
241,"worlds_map",-1507823294,"",""
242,"shaper_item",-1896601905,"",""
243,"elder_item",1851580775,"",""
244,"boots_shaper",835354659,"",""
245,"boots_elder",-1044859920,"",""
246,"sword_shaper",84384007,"",""
247,"sword_elder",384912521,"",""
248,"gloves_shaper",483611526,"",""
249,"gloves_elder",-907274548,"",""
250,"helmet_shaper",1899678678,"",""
251,"helmet_elder",429857474,"",""
252,"body_armour_shaper",198594898,"",""
253,"body_armour_elder",-1557119159,"",""
254,"amulet_shaper",164822342,"",""
255,"amulet_elder",161987595,"",""
256,"ring_shaper",848115939,"",""
257,"ring_elder",936964861,"",""
258,"belt_shaper",30346913,"",""
259,"belt_elder",-19383962,"",""
260,"quiver_shaper",412694232,"",""
261,"quiver_elder",-893929801,"",""
262,"shield_shaper",803375709,"",""
263,"shield_elder",1969686996,"",""
264,"2h_sword_shaper",1137784453,"",""
265,"2h_sword_elder",-2055749692,"",""
266,"axe_shaper",1257485194,"",""
267,"axe_elder",2116527869,"",""
268,"mace_shaper",1011181819,"",""
269,"mace_elder",951323250,"",""
270,"claw_shaper",21171434,"",""
271,"claw_elder",-160369465,"",""
272,"bow_shaper",1060567650,"",""
273,"bow_elder",622607930,"",""
274,"dagger_shaper",-425157207,"",""
275,"dagger_elder",-514145618,"",""
276,"2h_axe_shaper",-362683998,"",""
277,"2h_axe_elder",-2140467821,"",""
278,"2h_mace_shaper",1085972234,"",""
279,"2h_mace_elder",-1002222589,"",""
280,"staff_shaper",355857584,"",""
281,"staff_elder",1420046447,"",""
282,"sceptre_shaper",2058359723,"",""
283,"sceptre_elder",-163414020,"",""
284,"wand_shaper",700700006,"",""
285,"wand_elder",-1981761141,"",""
286,"rune_dagger_shaper",-942166699,"",""
287,"rune_dagger_elder",1951820585,"",""
288,"warstaff_shaper",2034346008,"",""
289,"warstaff_elder",-975633010,"",""
290,"grants_crit_chance_support",2059315499,"",""
291,"no_legacy_of_zeal",1986477275,"",""
292,"bestiary_beast_boss",1589109822,"",""
293,"elder_occupied_map",-2007174293,"",""
294,"bestiary_wilds",76567804,"",""
295,"bestiary_sands",-1587025262,"",""
296,"bestiary_caverns",1270889588,"",""
297,"bestiary_deep",-569608595,"",""
298,"no_cannot_die_aura",-31469869,"",""
299,"bestiary_net",1358571060,"",""
300,"up_to_level_2_gem",-767816044,"",""
301,"up_to_level_8_gem",738930902,"",""
302,"essence",62442745,"",""
303,"talisman",-1942672583,"",""
304,"armour_divination",793287421,"",""
305,"weapon_divination",-1680678253,"",""
306,"jewellery_divination",538815593,"",""
307,"delve_chest",652155875,"",""
308,"incursion_monster",202204071,"",""
309,"fire",-2029277933,"","Fire"
310,"cold",-574263596,"","Cold"
311,"lightning",-1612937727,"","Lightning"
312,"chaos",-1442355210,"","Chaos"
313,"physical",-1776010098,"","Physical"
314,"poison",-721197808,"",""
315,"bleed",-827005500,"",""
316,"life",-1898888975,"","Life"
317,"defences",-1993615670,"","Defences"
318,"elemental",694886432,"","Elemental"
319,"attack",-430218722,"","Attack"
320,"minion",-538872548,"","Minion"
321,"aura",-1164333916,"","Aura"
322,"vaal",443230400,"",""
323,"mana",1813685179,"","Mana"
324,"speed",-576307596,"","Speed"
325,"flat_life_regen",1212793365,"",""
326,"einharbeast",-983538837,"",""
327,"einharmonkey",-1160268108,"",""
328,"einharcavespiders",-676915783,"",""
329,"einhardropbear",1698151552,"",""
330,"einharsnake",488951764,"",""
331,"einharthornspiders",-7744894,"",""
332,"einharrhoa",-545575842,"",""
333,"einharbonerhoa",2146350324,"",""
334,"einharinsectspawner",-1357694826,"",""
335,"einharspiker",-1595496814,"",""
336,"einharkiweth",1179434094,"",""
337,"einharchimeral",1728870617,"",""
338,"einharvultureparasite",1017919576,"",""
339,"einharsandleaper",511947305,"",""
340,"einharfuryhound",-800732583,"",""
341,"einharbull",1189466517,"",""
342,"einhargoatman",491977196,"",""
343,"einharmountaingoat",-1342974228,"",""
344,"einharshieldcrab",1666432615,"",""
345,"einharcrabparasite",1587675493,"",""
346,"einharparasite",154265269,"",""
347,"einharscorpion",-1049075034,"",""
348,"quality_currency",-1360586992,"",""
349,"einharmaps",938538426,"",""
350,"rusted_scarab",431832716,"",""
351,"old_map_series",-858086349,"",""
352,"map_not_on_atlas",1371734345,"",""
353,"warehouse_area",2134068227,"",""
354,"act6_karui_area",1900181591,"",""
355,"kaom_area",-1789583391,"",""
356,"daresso_area",558299198,"",""
357,"library_area",335392273,"",""
358,"marketplace_area",1831444570,"",""
359,"belly_area",-287178683,"",""
360,"solaris_area",922251731,"",""
361,"prison_area",-110745582,"",""
362,"fields_area",1268745944,"",""
363,"chamber_of_sins_area",756361704,"",""
364,"has_road_area",-238271062,"",""
365,"garden_area",-770113080,"",""
366,"dock_area",500528753,"",""
367,"sewer_area",1340884354,"",""
368,"crossroad_area",-1061016031,"",""
369,"catacomb_area",-1130894900,"",""
370,"lunaris_outer_area",-1889457657,"",""
371,"crypt_area",1036779960,"",""
372,"vaal_pyramid_area",1614719189,"",""
373,"forest_map_area",-2123286789,"",""
374,"urban_sarn_area",737026885,"",""
375,"aqueduct_area",-1784854480,"",""
376,"thicket_area",-604736593,"",""
377,"bandit_area",-1723770641,"",""
378,"pitfight_area",-1894962672,"",""
379,"slums_area",2087381849,"",""
380,"lunaris_area",-1680831610,"",""
381,"vaal_ruin_area",-370437413,"",""
382,"reef_area",-141565650,"",""
383,"mine_area",915076726,"",""
384,"has_foxes_area",-1527759504,"",""
385,"flooded_area",-1169090247,"",""
386,"fetid_area",1974399428,"",""
387,"necropolis_area",-739518741,"",""
388,"sceptre_of_god_area",-1716377705,"",""
389,"graveyard_area",2128066672,"",""
390,"den_area",-711449268,"",""
391,"river_area",-823332157,"",""
392,"ship_graveyard_area",-714621009,"",""
393,"tower_area",1579486399,"",""
394,"relic_area",1500836547,"",""
395,"dark_forest_area",-1578083259,"",""
396,"parapet_area",-1520779394,"",""
397,"cave_area",1733252439,"",""
398,"desert_area",466974660,"",""
399,"arena_area",-745481869,"",""
400,"lightning_area",1503849645,"",""
401,"rain_area",384525428,"",""
402,"snow_area",1190267659,"",""
403,"fire_area",1129161990,"",""
404,"mausoleum_area",-554683848,"",""
405,"wealthy_area",918134475,"",""
406,"otherworldly_story_area",-1564919931,"",""
407,"harvest_area",1518529547,"",""
408,"triple_boss_map",1446067374,"",""
409,"lighthouse_area",-26049735,"",""
410,"lunaris_blood_area",-6029735,"",""
411,"ruined_vaal_city_area",-84437433,"",""
412,"coast_boat_area",-1887102164,"",""
413,"snow_mountain_area",74264669,"",""
414,"synthesised_monster",654576993,"<rgb(175,238,238)>{Synthesised}",""
415,"polished_scarab",1556871574,"",""
416,"gilded_scarab",157396454,"",""
417,"high_gardens_area",1168077614,"",""
418,"crystal_ore_area",-1841038860,"",""
419,"tropical_island_area",1767868224,"",""
420,"jungle_valley_area",-410609165,"",""
421,"wasteland_area",475108083,"",""
422,"desert_map_area",63770663,"",""
423,"mud_geyser_area",-42598793,"",""
424,"southern_forest_area",-1374835406,"",""
425,"northern_forest_area",-1736548907,"",""
426,"dried_lake_area",-1762062451,"",""
427,"labyrinth_end_area",1331911130,"",""
428,"old_fields_area",-265403006,"",""
429,"archives_area",-1211213917,"",""
430,"labyrinth_OH_area",-779896387,"",""
431,"temple_of_decay_area",-2080168042,"",""
432,"arachnid_tomb_map_area",-312586874,"",""
433,"cemetery_map_area",75170671,"",""
434,"quay_area",1529258141,"",""
435,"synthesised_monster2",-487227875,"<rgb(175,238,238)>{Synthesised}",""
436,"core_map_area",2106052595,"",""
437,"breachstone2",260361620,"",""
438,"breachstone3",1575961709,"",""
439,"breachstone4",1085250937,"",""
440,"breach_blessing",2144013449,"",""
441,"corrupted_vaal",-1738705889,"<rgb(212, 0, 0)>{Corrupted}",""
442,"shaper_divination",-1202642179,"",""
443,"elder_divination",538312549,"",""
444,"fire_prison_area",1035217270,"",""
445,"synthesis_area",-746517959,"",""
446,"attack_staff",765125441,"",""
447,"attack_dagger",-1708661606,"",""
448,"legion_monster",932477852,"",""
449,"ringatlas3",-1007621430,"",""
450,"ringatlas4",1124329052,"",""
451,"rare_monster_pack",463025022,"<rgb(255, 255, 0)>{Minion}",""
452,"weapon_can_roll_minion_modifiers",-44836073,"",""
453,"wandatlas1",1429893026,"",""
454,"has_atlas_mission",1175934164,"",""
455,"legion_splinter",-690072327,"",""
456,"unique_shard",816597144,"",""
457,"unique_shard_base",785597768,"",""
458,"infected_map",-500027408,"",""
459,"can_be_infected_map",-2003763721,"",""
460,"mushrune",781803728,"",""
461,"blight_death_fire",-1384901705,"",""
462,"blight_death_cold",1763834157,"",""
463,"blight_death_lightning",430000549,"",""
464,"blight_death_physical",96176211,"",""
465,"blight_death_chaos",-745021882,"",""
466,"blight_doesnt_engage",1116224885,"Doesn't engage nearby Enemies",""
467,"map_area_with_open_water",-307966985,"",""
468,"vile_areas",-1084783420,"",""
469,"no_frenzy_charge_on_death",168791221,"",""
470,"no_soul_conduit",-702946340,"",""
471,"no_fractured",1960011743,"",""
472,"boots_crusader",-1624914186,"",""
473,"boots_adjudicator",326261620,"",""
474,"boots_eyrie",262881481,"",""
475,"boots_basilisk",269657599,"",""
476,"gloves_crusader",1521325230,"",""
477,"gloves_adjudicator",-745365186,"",""
478,"gloves_eyrie",852984104,"",""
479,"gloves_basilisk",-1026341546,"",""
480,"helmet_crusader",225712680,"",""
481,"helmet_adjudicator",795190440,"",""
482,"helmet_eyrie",248852262,"",""
483,"helmet_basilisk",630771717,"",""
484,"body_armour_crusader",472726676,"",""
485,"body_armour_adjudicator",460198930,"",""
486,"body_armour_eyrie",420031211,"",""
487,"body_armour_basilisk",1085302132,"",""
488,"shield_crusader",-1873150164,"",""
489,"shield_adjudicator",-1438718115,"",""
490,"shield_eyrie",1704232451,"",""
491,"shield_basilisk",-945270941,"",""
492,"belt_crusader",-766465503,"",""
493,"belt_adjudicator",1099951041,"",""
494,"belt_eyrie",1624752927,"",""
495,"belt_basilisk",237084929,"",""
496,"amulet_crusader",-1606774569,"",""
497,"amulet_adjudicator",-89439180,"",""
498,"amulet_eyrie",1592157433,"",""
499,"amulet_basilisk",-1648479593,"",""
500,"ring_crusader",111294352,"",""
501,"ring_adjudicator",2113641939,"",""
502,"ring_eyrie",-1711311241,"",""
503,"ring_basilisk",-1898981578,"",""
504,"quiver_crusader",-830748461,"",""
505,"quiver_adjudicator",-654298756,"",""
506,"quiver_eyrie",-1698916080,"",""
507,"quiver_basilisk",2125810531,"",""
508,"claw_crusader",-878125621,"",""
509,"dagger_crusader",-283029243,"",""
510,"wand_crusader",-1890610445,"",""
511,"sword_crusader",-1769244568,"",""
512,"axe_crusader",1479402321,"",""
513,"mace_crusader",2043740523,"",""
514,"sceptre_crusader",-1349656741,"",""
515,"bow_crusader",-1779446394,"",""
516,"staff_crusader",2100191031,"",""
517,"2h_sword_crusader",2074192019,"",""
518,"2h_axe_crusader",-776844642,"",""
519,"2h_mace_crusader",1014439478,"",""
520,"rune_dagger_crusader",-1713987312,"",""
521,"warstaff_crusader",-1579829829,"",""
522,"claw_eyrie",200029766,"",""
523,"dagger_eyrie",-181960636,"",""
524,"wand_eyrie",-616378810,"",""
525,"sword_eyrie",1911415526,"",""
526,"axe_eyrie",1218578439,"",""
527,"mace_eyrie",-1385333141,"",""
528,"sceptre_eyrie",-811393317,"",""
529,"bow_eyrie",-796064190,"",""
530,"staff_eyrie",-839227503,"",""
531,"2h_sword_eyrie",-468077961,"",""
532,"2h_axe_eyrie",-1382880144,"",""
533,"2h_mace_eyrie",-853389985,"",""
534,"rune_dagger_eyrie",548532031,"",""
535,"warstaff_eyrie",388605474,"",""
536,"claw_basilisk",1323298402,"",""
537,"dagger_basilisk",-296873924,"",""
538,"wand_basilisk",-1494938590,"",""
539,"sword_basilisk",-842029183,"",""
540,"axe_basilisk",1297986503,"",""
541,"mace_basilisk",24179361,"",""
542,"sceptre_basilisk",900204570,"",""
543,"bow_basilisk",1223026859,"",""
544,"staff_basilisk",-1714811737,"",""
545,"2h_sword_basilisk",-57134647,"",""
546,"2h_axe_basilisk",989270770,"",""
547,"2h_mace_basilisk",-743233124,"",""
548,"rune_dagger_basilisk",1118539817,"",""
549,"warstaff_basilisk",573250160,"",""
550,"claw_adjudicator",-529712715,"",""
551,"dagger_adjudicator",389471776,"",""
552,"wand_adjudicator",-1508173960,"",""
553,"sword_adjudicator",76035437,"",""
554,"axe_adjudicator",345392971,"",""
555,"mace_adjudicator",-1889588584,"",""
556,"sceptre_adjudicator",-1592209064,"",""
557,"bow_adjudicator",-1671075665,"",""
558,"staff_adjudicator",-469410937,"",""
559,"2h_sword_adjudicator",1644874906,"",""
560,"2h_axe_adjudicator",-2120095889,"",""
561,"2h_mace_adjudicator",-1044333285,"",""
562,"rune_dagger_adjudicator",-758197229,"",""
563,"warstaff_adjudicator",2131211834,"",""
564,"grants_2h_support",2062099181,"",""
565,"no_prophecies",-1166302892,"",""
566,"warstaff",-1471235332,"",""
567,"expansion_jewel_large",-605694411,"",""
568,"expansion_jewel_medium",1721257109,"",""
569,"expansion_jewel_small",-1947377515,"",""
570,"affliction_axe_and_sword_damage",484191192,"",""
571,"affliction_mace_and_staff_damage",-1519555369,"",""
572,"affliction_dagger_and_claw_damage",-11631474,"",""
573,"affliction_bow_damage",1325926078,"",""
574,"affliction_wand_damage",1460140019,"",""
575,"affliction_damage_with_two_handed_melee_weapons",1952290546,"",""
576,"affliction_attack_damage_while_dual_wielding_",-425875831,"",""
577,"affliction_attack_damage_while_holding_a_shield",1601333421,"",""
578,"affliction_attack_damage_",-1345409755,"",""
579,"affliction_spell_damage",307775245,"",""
580,"affliction_elemental_damage",1562156069,"",""
581,"affliction_physical_damage",1202706076,"",""
582,"affliction_fire_damage",-1101558515,"",""
583,"affliction_lightning_damage",95340343,"",""
584,"affliction_cold_damage",-227781657,"",""
585,"affliction_chaos_damage",1014925526,"",""
586,"affliction_minion_damage",847442481,"",""
587,"affliction_fire_damage_over_time_multiplier",2076246268,"",""
588,"affliction_chaos_damage_over_time_multiplier",2119497368,"",""
589,"affliction_physical_damage_over_time_multiplier",-1962557999,"",""
590,"affliction_cold_damage_over_time_multiplier",1695284285,"",""
591,"affliction_damage_over_time_multiplier",-737564256,"",""
592,"affliction_effect_of_non-damaging_ailments",352969874,"",""
593,"old_do_not_use_affliction_aura_effect",1202854153,"",""
594,"old_do_not_use_affliction_curse_effect",142694422,"",""
595,"affliction_damage_while_you_have_a_herald",893482607,"",""
596,"affliction_minion_damage_while_you_have_a_herald",-1067790979,"",""
597,"affliction_warcry_buff_effect",-948189083,"",""
598,"affliction_critical_chance",-267986495,"",""
599,"affliction_minion_life",-607679541,"",""
600,"affliction_area_damage",-1407122974,"",""
601,"affliction_projectile_damage",830026786,"",""
602,"affliction_trap_and_mine_damage",708482251,"",""
603,"affliction_totem_damage",-1456726511,"",""
604,"affliction_brand_damage",21910472,"",""
605,"affliction_channelling_skill_damage",-562366841,"",""
606,"affliction_flask_duration",-950489935,"",""
607,"affliction_life_and_mana_recovery_from_flasks",212454347,"",""
608,"affliction_maximum_life",-1885456442,"",""
609,"affliction_maximum_energy_shield",-367034407,"",""
610,"affliction_maximum_mana",1737099563,"",""
611,"affliction_armour",-94833281,"",""
612,"affliction_evasion",-1418939163,"",""
613,"affliction_chance_to_block",-1926765389,"",""
614,"affliction_fire_resistance",498439026,"",""
615,"affliction_cold_resistance",-600422384,"",""
616,"affliction_lightning_resistance",1631625026,"",""
617,"affliction_chaos_resistance",69694748,"",""
618,"affliction_chance_to_dodge_attacks",1090187294,"",""
619,"affliction_strength",-1460644078,"",""
620,"affliction_dexterity",-1010102916,"",""
621,"affliction_intelligence",-949961328,"",""
622,"has_affliction_notable",-1962112748,"",""
623,"map_device",681001185,"",""
624,"jewelled_scarab",290123392,"",""
625,"critical",-931382702,"","Critical"
626,"heist_contract",-995544939,"",""
627,"evasion",-205406665,"","Evasion"
628,"energy_shield",1604436694,"","Energy Shield"
629,"power_charge",1490966445,"",""
630,"frenzy_charge",168798152,"",""
631,"endurance_charge",-824977748,"",""
632,"damage",-685024492,"","Damage"
633,"resistance",-1944643143,"","Resistance"
634,"attribute",441714245,"","Attribute"
635,"block",-524065130,"",""
636,"ailment",234763480,"","Ailment"
637,"blue_herring",-919577785,"",""
638,"skill",-34109109,"",""
639,"support",1598270973,"",""
640,"curse",-878170705,"","Curse"
641,"green_herring",-103939288,"",""
642,"red_herring",1722785125,"",""
643,"heist_coin",-1375464169,"",""
644,"heist_equipment_utility",729613925,"",""
645,"heist_equipment_reward",551121727,"",""
646,"heist_equipment_weapon",-358314892,"",""
647,"heist_equipment_lockpick",1363542535,"",""
648,"heist_equipment_bruteforce",2075652688,"",""
649,"heist_equipment_perception",815389871,"",""
650,"heist_equipment_demolition",1346046342,"",""
651,"heist_equipment_counterthaumaturge",2147301894,"",""
652,"heist_equipment_trapdisarmament",-1322419108,"",""
653,"heist_equipment_agility",-119085685,"",""
654,"heist_equipment_deception",2057277625,"",""
655,"heist_equipment_engineering",1971244821,"",""
656,"trinket",-1814139379,"",""
657,"heist_equipment_tool",-1630087290,"",""
658,"elemental_damage",-1407002231,"",""
659,"physical_damage",-276219112,"",""
660,"resource",-703195842,"",""
661,"caster_damage",-643086750,"",""
662,"heist_equipment_melee",-453108385,"",""
663,"heist_equipment_ranged",1179551903,"",""
664,"heist_equipment_caster",-262322589,"",""
665,"heist_blueprint",1793897042,"",""
666,"affliction_orb",399194277,"",""
667,"affliction_splinter",1140889003,"",""
668,"catalyst",-1668874224,"",""
669,"sextant",1372764287,"",""
670,"heist_job_level_1",1089236415,"",""
671,"heist_job_level_2",1750724954,"",""
672,"heist_job_level_3",2020603639,"",""
673,"heist_job_level_4",-1420958162,"",""
674,"heist_job_level_5",-111594470,"",""
675,"heist_guard",-1713546394,"",""
676,"heist_equipment",164484535,"",""
677,"watchstone_item",-841276448,"",""
678,"watchstone_league",1173215725,"",""
679,"watchstone_environment",737644806,"",""
680,"watchstone",-908591493,"",""
681,"no_maven",1790478879,"",""
682,"allow_maven",-1791222687,"",""
683,"no_tangle",-1935140474,"",""
684,"no_cleansing_fire",1510174994,"",""
685,"shaper_monster",1030289492,"",""
686,"elder_monster",1735155990,"",""
687,"eyrie_monster",459530725,"",""
688,"basilisk_monster",2006029925,"",""
689,"crusader_monster",-1538000951,"",""
690,"adjudicator_monster",673334330,"",""
691,"maven_map",-476192420,"",""
692,"maven_void_map",-2102306948,"",""
693,"maven_void_map_feared",-1609707806,"",""
694,"abyss_monster",-2065980948,"",""
695,"influence_monster",-966194563,"",""
696,"blight_boss",-340586346,"",""
697,"no_possessed_foe",2006732667,"",""
698,"vaal_gem",2017531363,"",""
699,"weapon_can_roll_totem_modifiers",1500659523,"",""
700,"staffatlas1",-740311312,"",""
701,"quiveratlas1",-2113307368,"",""
702,"ringatlas5",-1024260522,"",""
703,"amuletatlas3",284422091,"",""
704,"glovesatlasstrint",-970907824,"",""
705,"bootsatlasdexint",716964574,"",""
706,"chaos_damage",-2045284761,"",""
707,"no_proximity_shield",-1408947179,"",""
708,"no_final_gasp",1321046818,"",""
709,"demigods",1991705993,"",""
710,"dot_multi",967620337,"",""
711,"no_forced_item_drops",-503249172,"",""
712,"unveiled_mod",-880690237,"",""
713,"ultimatum_trial",628472000,"",""
714,"expedition_templar_remnant",-2095847451,"",""
715,"expedition_vaal_remnant",692722197,"",""
716,"expedition_vaal_remnant2",-1167494662,"",""
717,"expedition_karui_remnant",2120405214,"",""
718,"expedition_eternalempire_remnant",1676197267,"",""
719,"expedition_eternalempire_remnant2",1187056706,"",""
720,"expedition_eternalempire_remnant3",473239399,"",""
721,"expedition_eternalempire_remnant4",2122548709,"",""
722,"expedition_maraketh_remnant",602448312,"",""
723,"expedition_maraketh_remnant2",24757494,"",""
724,"expedition_sirens_remnant",-1179342672,"",""
725,"expedition_monkeytribe_remnant",-1766450373,"",""
726,"expedition_lostmen_remnant",-997572192,"",""
727,"expedition_logbook",-104702499,"",""
728,"ward_armour",965594498,"",""
729,"adaptation_armour",678553851,"",""
730,"disallowed_in_generic_currency_stash_slots",1991992041,"",""
731,"expedition_common_remnant",762831142,"",""
732,"expedition_common_remnant_logbook",1605657746,"",""
733,"expedition_flask",616679876,"",""
734,"expedition_currency_faction1",-287931912,"",""
735,"expedition_currency_faction2",153646160,"",""
736,"expedition_currency_faction3",716492436,"",""
737,"expedition_currency_faction4",1458352084,"",""
738,"expedition_monster",1722346759,"<outlinecolour:rgb(14,46,85)>{<rgb(116,177,255)>{Runic}}",""
739,"expedition_faction_druids_of_the_broken_circle",815747335,"",""
740,"expedition_faction_black_scythe",668225039,"",""
741,"expedition_faction_order_of_the_chalice",-896744867,"",""
742,"expedition_faction_knights_of_the_sun",-1463285677,"",""
743,"map_has_blight_encounter",1530276102,"",""
744,"breachstone5",378944864,"",""
745,"no_delve_nodes",714831121,"",""
746,"delve_city_biome",-639117876,"",""
747,"affliction_reservation_efficiency_small",399852273,"",""
748,"affliction_curse_effect_small",1238307487,"",""
749,"fake_currency",865619647,"",""
750,"bandit",201603792,"",""
751,"military",1420064524,"",""
752,"eldritch",-2041184149,"",""
753,"exile",2106993581,"",""
754,"crustacean_beast",-1339830613,"",""
755,"avian_beast",-623354020,"",""
756,"canine_beast",253922322,"",""
757,"feline_beast",312949011,"",""
758,"amphibian_beast",-33005246,"",""
759,"rodent_beast",824894868,"",""
760,"primate_beast",-165035435,"",""
761,"ursine_beast",1487929047,"",""
762,"golem",1687716449,"",""
763,"rodent",-2036570562,"",""
764,"melee",2103409095,"",""
765,"physical_affinity",-1303337158,"",""
766,"fire_affinity",-1381147624,"",""
767,"cold_affinity",534045390,"",""
768,"lightning_affinity",1371536228,"",""
769,"chaos_affinity",304860995,"",""
770,"aura_bearer",946092254,"",""
771,"cursing_monster",-1981423163,"",""
772,"summoner",2067824841,"",""
773,"raises_dead",-1565049088,"",""
774,"has_one_handed_melee",-1237845518,"",""
775,"has_dual_wield_melee",1802630703,"",""
776,"has_two_handed_melee",-1463568198,"",""
777,"has_one_hand_sword",1916444212,"",""
778,"has_thrusting_one_hand_sword",-1787408836,"",""
779,"has_two_hand_sword",1269931235,"",""
780,"has_one_hand_mace",897757506,"",""
781,"has_two_hand_mace",-498946109,"",""
782,"has_sceptre",-984383461,"",""
783,"has_wand",-1515534370,"",""
784,"has_one_hand_axe",-822369342,"",""
785,"has_two_hand_axe",-292753242,"",""
786,"has_bow",-1871988105,"",""
787,"has_dagger",-2001078500,"",""
788,"has_staff",641148289,"",""
789,"has_claw",-2032065280,"",""
790,"has_shield",-20750724,"",""
791,"is_unarmed",-1686258778,"",""
792,"extra_extra_small_height",686245286,"",""
793,"extra_small_height",726352330,"",""
794,"small_height",365183768,"",""
795,"medium_small_height",559498634,"",""
796,"medium_height",-2130717440,"",""
797,"large_height",-1137412046,"",""
798,"extra_large_height",-1737342282,"",""
799,"extra_extra_large_height",-1704486369,"",""
800,"kitava_height",-2106209473,"",""
801,"very_slow_movement",383784182,"",""
802,"slow_movement",1556336969,"",""
803,"medium_movement",104547876,"",""
804,"fast_movement",-1607494425,"",""
805,"very_fast_movement",-635594206,"",""
806,"flesh_armour",914828785,"",""
807,"light_armour",894636014,"",""
808,"hard_armour",-1456682567,"",""
809,"mail_armour",12037867,"",""
810,"plate_armour",-1919101943,"",""
811,"stone_armour",-1373291725,"",""
812,"energy_armour",884706954,"",""
813,"bone_armour",-1064517766,"",""
814,"ghost_armour",-507252213,"",""
815,"metal_armour",1696898984,"",""
816,"liquid_armour",-183239289,"",""
817,"wood_armour",-1382638685,"",""
818,"is_daemon",-1284984558,"",""
819,"cleaving_weapon",-1566451258,"",""
820,"slashing_weapon",-923495679,"",""
821,"bludgeoning_weapon",-779740035,"",""
822,"puncturing_weapon",1702804084,"",""
823,"animal_claw_weapon",-1538375864,"",""
824,"unique_map_boss",696689158,"",""
825,"non_unique_map_boss",1580309182,"",""
826,"standalone_map_boss",-1593662590,"",""
827,"elder_map_boss",472297122,"",""
828,"rogue_exile",-896160059,"",""
829,"is_clone",104257566,"",""
830,"non_attacking",-1405680595,"",""
831,"no_tier_1_eldritch_implicit",-823210779,"",""
832,"no_tier_2_eldritch_implicit",1374432631,"",""
833,"no_tier_3_eldritch_implicit",-1782782971,"",""
834,"no_tier_4_eldritch_implicit",-2035991178,"",""
835,"no_tier_5_eldritch_implicit",150443125,"",""
836,"no_tier_6_eldritch_implicit",-1820300025,"",""
837,"scarab",1594868889,"",""
838,"alira_area",1669127204,"",""
839,"ocean_area",-492218657,"",""
840,"voll_monster_story",-591982796,"",""
841,"voll_monster_map",-743735911,"",""
842,"military_area",1324605633,"",""
843,"thaumaturgy_area",-1049142250,"",""
844,"piety_area",1435577272,"",""
845,"summoner_area",-1102296331,"",""
846,"gold_pile_area",440936394,"",""
847,"undying_boss_area",726660012,"",""
848,"merveil_area",1317274210,"",""
849,"sea_witch_boss_area",-1685416046,"",""
850,"golem_boss_area",-494920982,"",""
851,"chaos_golem_boss_area",316855134,"",""
852,"windy_area",-1277694979,"",""
853,"templar_boss_area",-1649645116,"",""
854,"doedre_monster_story",1397527032,"",""
855,"doedre_monster_map",-86511783,"",""
856,"shavronne_monster_story",-636035696,"",""
857,"shavronne_monster_map",173599506,"",""
858,"maligaro_monster_story",-1283161707,"",""
859,"maligaro_monste_map",1195695310,"",""
860,"unholy_trio_monster_story",477670791,"",""
861,"unholy_trio_monster_map",1939231545,"",""
862,"voll_area",1010936803,"",""
863,"doedre_area",1944943512,"",""
864,"shavronne_area",900762192,"",""
865,"maligaro_area",1606012979,"",""
866,"unholy_trio_area",588817473,"",""
867,"kitava_area",763443506,"",""
868,"atziri_area",-1398246493,"",""
869,"trap_exile",-600148860,"",""
870,"kraityn_area",280265851,"",""
871,"toxic_pool_area",-436639952,"",""
872,"dominus_monster_story",-1990335845,"",""
873,"dominus_monster_map",-1145040823,"",""
874,"dominus_area",158109196,"",""
875,"necromancer_boss",-1898275483,"",""
876,"necromancer_area",-1956576811,"",""
877,"bestiary_spirit_boss",-1206670352,"",""
878,"archer_boss",-1194517156,"",""
879,"archer_boss_area",-2058103904,"",""
880,"bameth",-23171936,"",""
881,"dishonoured_queen",-1466612929,"",""
882,"rigwald_area",1912544993,"",""
883,"ruined_area",1385540054,"",""
884,"spider_boss_area",359337501,"",""
885,"beyond_demon",-2111390176,"",""
886,"female_rogue_exile",1950581970,"",""
887,"scavenger_boss_area",96601205,"",""
888,"goatman_boss_area",1963149033,"",""
889,"totem_boss_area",-2073802882,"",""
890,"kitava_cultist_area",-211601851,"",""
891,"abyss_commander_monster",1179781733,"",""
892,"solaris_boss_story",-357874702,"",""
893,"solaris_boss_map",-423704936,"",""
894,"elder_portal_monster",-1860203777,"",""
895,"shaper_void_entity_monster",784155329,"",""
896,"abaxoth_monster",-648960437,"",""
897,"beyond_commander_monster",-641547510,"",""
898,"unholy_trio_combined_boss_story",-138652970,"",""
899,"unholy_trio_combined_boss_map",-229272639,"",""
900,"crystalline_area",2026088119,"",""
901,"rogue_exile_boss_area",846464640,"",""
902,"shaper_guardian_boss",-1308764720,"",""
903,"trio_soul_area",1992376982,"",""
904,"abyss_lich_boss",-1516407459,"",""
905,"elder_guardian_boss",313929952,"",""
906,"chayula_boss",1420620227,"",""
907,"harbinger_portal_monster",1431369955,"",""
908,"harbinger_portal_monster_memory_line",-1640739627,"",""
909,"invasion_boss",1848731587,"",""
910,"screeching_boss",-2044175743,"",""
911,"king_boss_story",-1289629076,"",""
912,"king_boss_map",-288558784,"",""
913,"king_boss_area",-1369345822,"",""
914,"labyrinth_tileset_area",-1028217302,"",""
915,"betrayal_syndicate_member",776402257,"",""
916,"betrayal_janus",220839046,"",""
917,"necromancer_exile",515924566,"",""
918,"innocence_story",-1054948296,"",""
919,"innocence_map",1666864939,"",""
920,"betrayal_catarina",-1979657170,"",""
921,"bridge_area",335286102,"",""
922,"incursion_architect_breach",2131534239,"",""
923,"god_boss_map_area",1736996193,"",""
924,"betrayal_breach",-639238868,"",""
925,"kitava_map_boss",-1000810973,"",""
926,"vaal_architect_incursion",313438345,"",""
927,"vaal_architect_temple",-825545424,"",""
928,"elder_boss",-2064128225,"",""
929,"betrayal_cameria",869503650,"",""
930,"crusader_conqueror_boss",-1256720281,"",""
931,"breachlord_boss_domain",2039738857,"",""
932,"argus_labyrinth",-779583375,"",""
933,"rigwald_map_boss",-642867977,"",""
934,"warlord_conqueror_boss",2026762731,"",""
935,"betrayal_guff",-1453948276,"",""
936,"hunter_conqueror_boss",-35729284,"",""
937,"shaper_boss",1390662711,"",""
938,"betrayal_haku",656792667,"",""
939,"betrayal_thane_jorgin",-534633570,"",""
940,"betrayal_riker_maloney",456179742,"",""
941,"metamorph_boss",82916833,"",""
942,"nature_boss",667718321,"",""
943,"atziri_boss",917790602,"",""
944,"delve_protovaal_boss",-676938553,"",""
945,"delve_vaal_boss",-1464571324,"",""
946,"delve_lich_boss",1442331698,"",""
947,"heist_science_miniboss_monster",-1780558058,"",""
948,"chaos_breachlord",-1638532274,"",""
949,"elder_lightning_guardian",2039587996,"",""
950,"redeemer_conqueror_boss",1827373815,"",""
951,"incursion_architect_card_sharp",-1215824865,"",""
952,"malachai_boss_map",-356427638,"",""
953,"simulacrum_boss",2083517072,"",""
954,"incursion_temple_boss",1920079897,"",""
955,"oshabi_boss",-1293722170,"",""
956,"exile_molten_shell",-101084414,"",""
957,"rhoa_map_boss",-97642796,"",""
958,"incursion_temple_area",579314224,"",""
959,"vaal_flesh_merchant",-688081978,"",""
960,"primordial_map",102078291,"",""
961,"cleansing_fire_altar",1076082036,"",""
962,"tangle_altar",1592557513,"",""
963,"primordial_altar_upside",-1379277435,"",""
964,"primordial_altar_downside",-1546764363,"",""
965,"cannot_be_archnemesis",1924648728,"",""
966,"pinnacle_boss",-1818405425,"Pinnacle Atlas Boss",""
967,"great_tangle_currency",-684496231,"",""
968,"cleansing_fire_currency",-1796059166,"",""
969,"all_eldritch_currency",-1915101967,"",""
970,"cannot_be_map_archnemesis",1605143406,"",""
971,"drops_in_maps_only",-296532136,"",""
972,"eldritch_ember",905516297,"",""
973,"eldritch_ichor",-335336845,"",""
974,"not_part_of_pack",469577040,"",""
975,"no_strider_mod",1208090830,"",""
976,"trade_market_legacy_item",1004965128,"",""
977,"blight_monster",-2034997917,"",""
978,"sentinel_drone",618609298,"",""
979,"sentinel_a",1425188255,"",""
980,"sentinel_b",-360417806,"",""
981,"sentinel_c",-1471546673,"",""
982,"cortex_boss",-409292942,"",""
983,"vaalsidearea_boss",797469195,"",""
984,"special_sentinel_mod",-572960467,"",""
985,"inventing_area",-845972562,"",""
986,"elderslayer",524098081,"",""
987,"peaceful_map",640791601,"",""
988,"blood_mage_boss_map",1595338818,"",""
989,"city_home_map",-1274601690,"",""
990,"karui_map",-336690928,"",""
991,"sentinel_power_core",1382786063,"",""
992,"cannot_possess_boss",-248123316,"",""
993,"delve_monster",-1261011263,"",""
994,"memory_line_kirac",-252479744,"",""
995,"memory_line_alva",249601002,"",""
996,"memory_line_niko",-664472561,"",""
997,"memory_line_einhar",-2145191614,"",""
998,"all_sentinels",817043393,"",""
999,"no_common_monster_mods",-400324446,"",""
1000,"essence_monster",1006536228,"",""
1001,"hellscape_demon_boss",1520344003,"",""
1002,"hellscape_pale_boss",-1631104558,"",""
1003,"hellscape_flesh_boss",-1756981542,"",""
1004,"focus_can_roll_minion_modifiers",129251636,"",""
1005,"ring_can_roll_minion_modifiers",433593196,"",""
1006,"bear_boss_map",-555406238,"",""
1007,"dishonoured_queen_map",-602830901,"",""
1008,"no_spirit_walkers_archnemesis",156355037,"",""
1009,"uber_elder",-605088467,"",""
1010,"infinite_hunger",-170940882,"",""
1011,"brute_boss",-314685489,"",""
1012,"uber_atziri_boss",-745045704,"",""
1013,"mirrored_monster",1034801641,"<outlinecolour:rgb(240,240,240)>{<rgb(20,20,20)>{Mirrored}}",""
1014,"sanctum_guard",1018275126,"Sanctum Guard",""
1015,"unique_divination",-560220369,"",""
1016,"unique_weapon_divination",-842644344,"",""
1017,"unique_armour_divination",1677042416,"",""
1018,"unique_jewellery_divination",-1069327280,"",""
1019,"unique_corrupted_divination",1162051304,"",""
1020,"maps_divination",1050428163,"",""
1021,"maps_unique_divination",-1810060809,"",""
1022,"gems_divination",660351003,"",""
1023,"gems_levelled_divination",-2050050090,"",""
1024,"gems_quality_divination",-801465486,"",""
1025,"corrupted_divination",100505045,"",""
1026,"gives_other_cards_divination",1626758335,"",""
1027,"currency_divination",-1433948632,"",""
1028,"currency_basic_divination",-1270157105,"",""
1029,"currency_exotic_divination",1972044452,"",""
1030,"currency_league_divination",1245875713,"",""
1031,"small_sanctum_relic",-540732689,"",""
1032,"medium_sanctum_relic",406604441,"",""
1033,"large_sanctum_relic",1419962210,"",""
1034,"eldritch_pinnacle_boss",-985414352,"",""
1035,"merveil_boss",-106172720,"",""
1036,"arakaali_area",-356712851,"",""
1037,"affliction_boss",960253437,"",""
1038,"hillock_syndicate",233136864,"",""
1039,"str_special_relic",-812646055,"",""
1040,"dex_special_relic",-1624667054,"",""
1041,"int_special_relic",800935660,"",""
1042,"breach_monster_cold",1636668554,"",""
1043,"breach_monster_fire",-529873036,"",""
1044,"breach_monster_lightning",2082684779,"",""
1045,"breach_monster_physical",-1814320646,"",""
1046,"breach_monster_chaos",-501992739,"",""
1047,"sanctum_braom_boss",-1445683370,"Grows or Shrinks based on Uzar's Life",""
1048,"sanctum_uzar_boss",167064319,"Grows or Shrinks based on Braom's Life",""
1049,"top_tier_base_item_type",-718997434,"",""
1050,"no_mirror_image",1383133689,"",""
1051,"doedre_map_area",-564167387,"",""
1052,"unholy_trio_boss_map",860099603,"",""
1053,"caster_unique_weapon",-521489934,"",""
1054,"minion_unique_weapon",877544685,"",""
1055,"Forge_Area",-1014030085,"",""
1056,"matryoshka_boss",-1619695011,"",""
1057,"crucible_map",1435539695,"",""
1058,"crucible_map_low",-1516092432,"",""
1059,"crucible_map_high",-1570810780,"",""
1060,"crucible_unique_helmet",-873365419,"",""
1061,"experimental_base",1244485449,"",""
1062,"crucible_unique_staff",-1915428521,"",""
1063,"RedbladeLeader",136631987,"Redblade Warlord",""
1064,"sanctum_monster",-809987535,"",""
1065,"bird_boss",2147430833,"",""
1066,"sanctum_key",-1680744607,"",""
1067,"undyingcultist_map",-1100225515,"",""
1068,"sun_nature_area",1020044047,"",""
1069,"trialmaster_boss",2142350106,"",""
1070,"transform_boss",-1297566206,"",""
1071,"tincture",-910103131,"",""
1072,"spawner_cannot_spawn_as_rare",-1912694159,"",""
1073,"spawner_cannot_spawn_as_magic",955901819,"",""
1074,"vaal_empowered",1065707885,"",""
1075,"animal_charm",645748486,"",""
1076,"str_animal_charm",-563068505,"",""
1077,"dex_animal_charm",1712923488,"",""
1078,"int_animal_charm",-998604484,"",""
1079,"animal_charm_common_mod",-343767303,"",""
1080,"animal_charm_uncommmon_mod",-1622348619,"",""
1081,"animal_charm_rare_mod",169417893,"",""
1082,"animal_charm_mythic_mod",-272101346,"",""
1083,"I_see_brothers_card",-1929359952,"",""
1084,"eldritch_perfection_monster",-408823935,"",""
1085,"assassins_gift_area",1263311306,"",""
1086,"legion_chest",-497144478,"",""
1087,"is_runic_monster",86137278,"",""
1088,"azmeri_nameless_monster",2053533356,"",""
1089,"azmeri_cultist_monster",-1257145589,"",""
1090,"azmeri_warden_dusted_monster",790496378,"<rgb(240,198,72)>{Vivid Empowered}",""
1091,"azmeri_shaman_dusted_monster",-91028028,"<rgb(184,72,224)>{Wild Empowered}",""
1092,"azmeri_primalist_dusted_monster",680458437,"<rgb(95,178,237)>{Primal Empowered}",""
1093,"abyss_spire",-1632670814,"",""
